Date,Platform,Followers,Likes,Shares,Comments,EngagementRate
2025-01-01,Facebook,1660,320,76,25,0.08
2025-01-01,Twitter,1266,264,79,15,0.22
2025-01-01,Instagram,3971,409,28,7,0.05
2025-01-02,Facebook,1569,393,34,42,0.05
2025-01-02,Twitter,1984,363,26,48,0.05
2025-01-02,Instagram,1274,108,46,32,0.24
2025-01-03,Facebook,2606,239,66,48,0.15
2025-01-03,Twitter,2328,180,55,11,0.08
2025-01-03,Instagram,3235,138,64,18,0.21
2025-01-04,Facebook,3624,395,57,6,0.19
2025-01-04,Twitter,2278,477,12,39,0.23
2025-01-04,Instagram,2755,99,8,6,0.14
2025-01-05,Facebook,3413,155,8,33,0.24
2025-01-05,Twitter,961,251,66,40,0.17
2025-01-05,Instagram,4142,264,66,44,0.22
2025-01-06,Facebook,1137,416,57,28,0.12
2025-01-06,Twitter,1179,90,33,19,0.08
2025-01-06,Instagram,3368,393,5,48,0.11
2025-01-07,Facebook,1191,212,39,37,0.17
2025-01-07,Twitter,4361,280,45,32,0.22
2025-01-07,Instagram,3904,97,27,28,0.18
2025-01-08,Facebook,3531,409,90,31,0.16
2025-01-08,Twitter,3490,306,9,30,0.1
2025-01-08,Instagram,1670,332,13,19,0.14
2025-01-09,Facebook,2284,228,67,36,0.18
2025-01-09,Twitter,1363,145,8,34,0.08
2025-01-09,Instagram,2478,220,33,40,0.24
2025-01-10,Facebook,2522,292,90,32,0.24
2025-01-10,Twitter,2397,490,10,32,0.21
2025-01-10,Instagram,4427,389,34,15,0.11
2025-01-11,Facebook,2838,397,93,43,0.23
2025-01-11,Twitter,2106,495,81,45,0.11
2025-01-11,Instagram,1509,460,13,41,0.19
2025-01-12,Facebook,1463,364,36,36,0.16
2025-01-12,Twitter,4563,162,66,16,0.1
2025-01-12,Instagram,4257,436,60,21,0.1
2025-01-13,Facebook,4897,179,96,27,0.11
2025-01-13,Twitter,4274,175,6,48,0.14
2025-01-13,Instagram,2533,465,72,15,0.12
2025-01-14,Facebook,1566,343,28,9,0.18
2025-01-14,Twitter,997,444,20,37,0.08
2025-01-14,Instagram,4197,398,7,24,0.12
2025-01-15,Facebook,2169,196,24,36,0.07
2025-01-15,Twitter,1288,466,44,43,0.24
2025-01-15,Instagram,2602,490,93,27,0.16
2025-01-16,Facebook,4169,148,11,20,0.21
2025-01-16,Twitter,1816,109,6,5,0.07
2025-01-16,Instagram,4523,86,36,13,0.11
2025-01-17,Facebook,2482,353,84,7,0.22
2025-01-17,Twitter,3991,210,28,15,0.24
2025-01-17,Instagram,2245,153,88,39,0.12
2025-01-18,Facebook,898,202,97,22,0.08
2025-01-18,Twitter,4577,359,39,20,0.25
2025-01-18,Instagram,4867,210,72,37,0.15
2025-01-19,Facebook,4787,433,12,11,0.19
2025-01-19,Twitter,3904,225,80,26,0.1
2025-01-19,Instagram,2493,87,55,12,0.18
2025-01-20,Facebook,1025,326,34,37,0.17
2025-01-20,Twitter,1759,366,52,23,0.16
2025-01-20,Instagram,3920,66,48,32,0.14
2025-01-21,Facebook,1869,422,10,39,0.2
2025-01-21,Twitter,1860,329,97,35,0.24
2025-01-21,Instagram,1939,240,89,36,0.22
2025-01-22,Facebook,4127,372,22,29,0.13
2025-01-22,Twitter,1369,372,50,28,0.09
2025-01-22,Instagram,4814,391,27,6,0.1
2025-01-23,Facebook,3337,435,94,21,0.22
2025-01-23,Twitter,3606,75,54,29,0.17
2025-01-23,Instagram,3750,362,40,49,0.09
2025-01-24,Facebook,4647,449,18,16,0.23
2025-01-24,Twitter,1966,141,70,36,0.17
2025-01-24,Instagram,1653,100,29,26,0.17
2025-01-25,Facebook,2515,219,74,19,0.12
2025-01-25,Twitter,3291,150,12,48,0.24
2025-01-25,Instagram,1676,421,98,39,0.18
2025-01-26,Facebook,1435,155,34,23,0.21
2025-01-26,Twitter,1630,324,96,30,0.06
2025-01-26,Instagram,916,367,27,13,0.19
2025-01-27,Facebook,2464,107,5,38,0.1
2025-01-27,Twitter,1359,138,5,20,0.15
2025-01-27,Instagram,2270,118,26,33,0.13
2025-01-28,Facebook,3947,203,20,41,0.07
2025-01-28,Twitter,4156,269,73,34,0.22
2025-01-28,Instagram,3859,253,20,30,0.2
2025-01-29,Facebook,2435,338,98,41,0.13
2025-01-29,Twitter,3649,229,99,14,0.18
2025-01-29,Instagram,3289,145,5,9,0.19
2025-01-30,Facebook,3887,329,84,6,0.06
2025-01-30,Twitter,1695,209,95,24,0.17
2025-01-30,Instagram,4546,429,37,37,0.21
2025-01-31,Facebook,4298,150,16,7,0.21
2025-01-31,Twitter,4713,92,48,33,0.06
2025-01-31,Instagram,4173,435,39,27,0.06
2025-02-01,Facebook,1575,142,30,14,0.05
2025-02-01,Twitter,1217,164,11,8,0.19
2025-02-01,Instagram,2316,124,33,40,0.13
2025-02-02,Facebook,3608,213,14,41,0.2
2025-02-02,Twitter,3586,226,40,22,0.1
2025-02-02,Instagram,2943,201,27,36,0.22
2025-02-03,Facebook,4240,232,17,27,0.2
2025-02-03,Twitter,4752,111,88,29,0.11
2025-02-03,Instagram,1498,68,53,40,0.05
2025-02-04,Facebook,4971,314,75,32,0.24
2025-02-04,Twitter,4377,416,20,9,0.11
2025-02-04,Instagram,3738,102,27,20,0.21
2025-02-05,Facebook,2956,230,46,43,0.25
2025-02-05,Twitter,1956,212,91,33,0.12
2025-02-05,Instagram,1753,450,11,17,0.09
2025-02-06,Facebook,3793,332,70,9,0.15
2025-02-06,Twitter,3186,185,69,26,0.21
2025-02-06,Instagram,1310,376,93,49,0.2
2025-02-07,Facebook,3941,301,35,23,0.21
2025-02-07,Twitter,3014,140,78,30,0.12
2025-02-07,Instagram,4322,222,17,32,0.16
2025-02-08,Facebook,1255,366,43,5,0.19
2025-02-08,Twitter,1304,240,29,37,0.09
2025-02-08,Instagram,933,107,48,49,0.24
2025-02-09,Facebook,2652,352,25,20,0.16
2025-02-09,Twitter,3611,278,40,39,0.19
2025-02-09,Instagram,4312,451,51,45,0.09
2025-02-10,Facebook,4286,50,58,7,0.23
2025-02-10,Twitter,2153,273,20,12,0.13
2025-02-10,Instagram,1467,422,12,32,0.18
2025-02-11,Facebook,4519,235,64,32,0.07
2025-02-11,Twitter,4936,277,68,31,0.19
2025-02-11,Instagram,3308,269,33,17,0.23
2025-02-12,Facebook,4124,439,86,9,0.17
2025-02-12,Twitter,809,361,34,49,0.08
2025-02-12,Instagram,1815,338,69,22,0.25
2025-02-13,Facebook,4958,266,90,31,0.16
2025-02-13,Twitter,4800,147,5,25,0.06
2025-02-13,Instagram,2800,246,99,9,0.25
2025-02-14,Facebook,2260,72,57,41,0.2
2025-02-14,Twitter,4978,194,89,18,0.09
2025-02-14,Instagram,2848,100,49,17,0.09
2025-02-15,Facebook,2623,83,96,35,0.07
2025-02-15,Twitter,1049,211,58,7,0.15
2025-02-15,Instagram,2784,103,9,34,0.23
2025-02-16,Facebook,2648,450,51,27,0.2
2025-02-16,Twitter,4781,115,79,43,0.08
2025-02-16,Instagram,2129,147,86,34,0.16
2025-02-17,Facebook,3282,496,56,42,0.14
2025-02-17,Twitter,2158,79,55,21,0.24
2025-02-17,Instagram,937,233,21,14,0.2
2025-02-18,Facebook,3831,118,38,10,0.15
2025-02-18,Twitter,4618,92,79,27,0.08
2025-02-18,Instagram,4245,449,12,8,0.09
2025-02-19,Facebook,2519,330,71,36,0.14
2025-02-19,Twitter,4988,209,54,23,0.21
2025-02-19,Instagram,4700,71,25,10,0.07
2025-02-20,Facebook,1323,395,50,38,0.08
2025-02-20,Twitter,2553,350,31,13,0.07
2025-02-20,Instagram,3061,288,60,34,0.08
2025-02-21,Facebook,4943,110,85,30,0.22
2025-02-21,Twitter,2855,162,56,19,0.16
2025-02-21,Instagram,855,263,18,30,0.2
2025-02-22,Facebook,2925,265,6,49,0.06
2025-02-22,Twitter,2446,456,22,42,0.16
2025-02-22,Instagram,3886,241,93,41,0.09
2025-02-23,Facebook,1862,490,21,43,0.07
2025-02-23,Twitter,925,349,29,21,0.12
2025-02-23,Instagram,2403,443,71,45,0.15
2025-02-24,Facebook,2958,277,90,38,0.16
2025-02-24,Twitter,4807,418,87,46,0.11
2025-02-24,Instagram,3539,331,68,38,0.1
2025-02-25,Facebook,3162,414,74,41,0.24
2025-02-25,Twitter,2260,199,25,10,0.12
2025-02-25,Instagram,3363,399,79,34,0.08
2025-02-26,Facebook,3670,186,7,35,0.13
2025-02-26,Twitter,3395,457,99,10,0.13
2025-02-26,Instagram,4970,53,83,10,0.25
2025-02-27,Facebook,3351,484,66,6,0.16
2025-02-27,Twitter,1941,373,23,24,0.15
2025-02-27,Instagram,2848,139,18,42,0.17
2025-02-28,Facebook,2826,308,37,10,0.12
2025-02-28,Twitter,809,310,27,14,0.25
2025-02-28,Instagram,2860,217,6,24,0.1
2025-03-01,Facebook,3176,322,13,15,0.14
2025-03-01,Twitter,2838,468,98,35,0.24
2025-03-01,Instagram,4827,285,54,18,0.24
2025-03-02,Facebook,4330,186,38,16,0.13
2025-03-02,Twitter,3360,345,68,26,0.06
2025-03-02,Instagram,4650,410,18,34,0.22
2025-03-03,Facebook,3698,428,82,30,0.23
2025-03-03,Twitter,1400,286,46,29,0.19
2025-03-03,Instagram,2663,344,18,36,0.14
2025-03-04,Facebook,2990,202,21,37,0.13
2025-03-04,Twitter,4833,358,55,43,0.07
2025-03-04,Instagram,3426,440,55,12,0.19
2025-03-05,Facebook,2835,280,31,40,0.25
2025-03-05,Twitter,1920,460,59,37,0.06
2025-03-05,Instagram,3445,371,14,9,0.23
2025-03-06,Facebook,3712,167,42,17,0.07
2025-03-06,Twitter,4028,185,9,33,0.1
2025-03-06,Instagram,3691,222,6,31,0.18
2025-03-07,Facebook,2755,341,30,47,0.17
2025-03-07,Twitter,4906,303,78,44,0.17
2025-03-07,Instagram,1614,395,50,47,0.08
2025-03-08,Facebook,2988,153,66,22,0.17
2025-03-08,Twitter,2439,365,47,16,0.07
2025-03-08,Instagram,3735,342,76,46,0.2
2025-03-09,Facebook,4249,442,55,33,0.07
2025-03-09,Twitter,4168,263,15,27,0.07
2025-03-09,Instagram,4276,395,40,27,0.23
2025-03-10,Facebook,2654,487,59,44,0.17
2025-03-10,Twitter,4302,358,13,14,0.21
2025-03-10,Instagram,1374,293,29,30,0.23
2025-03-11,Facebook,1185,440,86,31,0.2
2025-03-11,Twitter,4400,177,47,48,0.23
2025-03-11,Instagram,2005,201,29,11,0.08
2025-03-12,Facebook,4372,393,37,33,0.17
2025-03-12,Twitter,3513,205,89,11,0.25
2025-03-12,Instagram,4232,226,24,26,0.07
2025-03-13,Facebook,2524,409,53,11,0.17
2025-03-13,Twitter,4012,264,55,23,0.12
2025-03-13,Instagram,3517,334,53,49,0.13
2025-03-14,Facebook,4295,68,22,5,0.21
2025-03-14,Twitter,3857,243,96,34,0.16
2025-03-14,Instagram,4135,462,59,43,0.2
2025-03-15,Facebook,2281,415,38,37,0.06
2025-03-15,Twitter,2623,227,11,33,0.13
2025-03-15,Instagram,3606,372,92,27,0.18
2025-03-16,Facebook,1127,103,71,37,0.16
2025-03-16,Twitter,2943,137,82,36,0.22
2025-03-16,Instagram,3338,449,72,41,0.08
2025-03-17,Facebook,1622,481,86,11,0.18
2025-03-17,Twitter,2998,134,23,23,0.17
2025-03-17,Instagram,4977,51,5,9,0.12
2025-03-18,Facebook,2209,244,91,16,0.22
2025-03-18,Twitter,1604,471,98,13,0.14
2025-03-18,Instagram,4377,391,28,21,0.22
2025-03-19,Facebook,3479,108,91,36,0.14
2025-03-19,Twitter,3986,258,18,13,0.16
2025-03-19,Instagram,1036,330,77,26,0.22
2025-03-20,Facebook,2851,203,62,33,0.08
2025-03-20,Twitter,4598,342,79,10,0.23
2025-03-20,Instagram,4724,91,45,42,0.06
2025-03-21,Facebook,2422,166,90,25,0.1
2025-03-21,Twitter,1445,268,44,38,0.17
2025-03-21,Instagram,1254,443,49,21,0.13
2025-03-22,Facebook,3481,95,68,6,0.08
2025-03-22,Twitter,2186,242,55,40,0.2
2025-03-22,Instagram,4924,198,15,44,0.14
2025-03-23,Facebook,1936,236,43,44,0.16
2025-03-23,Twitter,4993,104,28,26,0.2
2025-03-23,Instagram,2585,85,24,23,0.17
2025-03-24,Facebook,4720,495,77,30,0.14
2025-03-24,Twitter,2920,250,44,21,0.13
2025-03-24,Instagram,860,476,46,29,0.1
2025-03-25,Facebook,4369,278,48,34,0.05
2025-03-25,Twitter,3122,150,48,21,0.24
2025-03-25,Instagram,4694,352,16,20,0.22
2025-03-26,Facebook,4862,198,85,27,0.19
2025-03-26,Twitter,1509,249,29,22,0.15
2025-03-26,Instagram,4526,108,30,45,0.24
2025-03-27,Facebook,846,337,14,20,0.24
2025-03-27,Twitter,4790,331,89,26,0.23
2025-03-27,Instagram,4653,384,11,13,0.09
2025-03-28,Facebook,2321,364,91,33,0.14
2025-03-28,Twitter,3219,472,22,46,0.18
2025-03-28,Instagram,1982,201,64,49,0.07
2025-03-29,Facebook,3783,232,91,48,0.16
2025-03-29,Twitter,4759,53,97,26,0.11
2025-03-29,Instagram,3569,210,20,49,0.17
2025-03-30,Facebook,4321,360,46,38,0.05
2025-03-30,Twitter,2604,190,22,36,0.24
2025-03-30,Instagram,1613,78,66,33,0.06
2025-03-31,Facebook,1071,489,14,34,0.13
2025-03-31,Twitter,4230,389,9,5,0.1
2025-03-31,Instagram,2850,478,18,34,0.22
2025-04-01,Facebook,945,495,41,29,0.11
2025-04-01,Twitter,3432,448,53,28,0.07
2025-04-01,Instagram,3034,342,65,41,0.07
2025-04-02,Facebook,1606,489,67,28,0.14
2025-04-02,Twitter,2668,275,29,11,0.25
2025-04-02,Instagram,1684,292,78,47,0.09
2025-04-03,Facebook,3065,474,7,10,0.21
2025-04-03,Twitter,853,96,91,13,0.24
2025-04-03,Instagram,2713,290,65,46,0.15
2025-04-04,Facebook,1649,111,21,28,0.23
2025-04-04,Twitter,4869,318,93,13,0.23
2025-04-04,Instagram,2180,147,15,45,0.13
2025-04-05,Facebook,3482,78,13,7,0.24
2025-04-05,Twitter,2155,219,13,19,0.18
2025-04-05,Instagram,2218,492,92,19,0.05
2025-04-06,Facebook,4772,225,94,22,0.07
2025-04-06,Twitter,4187,225,81,32,0.07
2025-04-06,Instagram,3911,350,66,33,0.23
2025-04-07,Facebook,2391,89,44,31,0.22
2025-04-07,Twitter,2112,311,92,23,0.22
2025-04-07,Instagram,2939,402,63,45,0.12
2025-04-08,Facebook,3404,394,57,46,0.07
2025-04-08,Twitter,4538,471,64,11,0.23
2025-04-08,Instagram,1356,363,35,27,0.05
2025-04-09,Facebook,3519,412,57,34,0.23
2025-04-09,Twitter,2929,405,6,18,0.2
2025-04-09,Instagram,2347,344,70,36,0.07
2025-04-10,Facebook,2490,162,21,44,0.1
2025-04-10,Twitter,1807,375,87,34,0.05
2025-04-10,Instagram,2047,368,32,19,0.24
2025-04-11,Facebook,1077,245,24,36,0.2
2025-04-11,Twitter,1840,61,26,21,0.17
2025-04-11,Instagram,3552,71,94,22,0.22
2025-04-12,Facebook,1486,334,80,40,0.18
2025-04-12,Twitter,3228,56,33,15,0.21
2025-04-12,Instagram,4799,484,79,27,0.14
2025-04-13,Facebook,2253,275,33,8,0.14
2025-04-13,Twitter,838,320,33,33,0.11
2025-04-13,Instagram,2623,179,51,18,0.1
2025-04-14,Facebook,4330,76,71,21,0.24
2025-04-14,Twitter,4311,141,97,25,0.23
2025-04-14,Instagram,4826,133,10,23,0.1
2025-04-15,Facebook,4763,471,19,38,0.09
2025-04-15,Twitter,2655,330,28,16,0.16
2025-04-15,Instagram,3055,76,76,29,0.22
2025-04-16,Facebook,4180,57,83,31,0.22
2025-04-16,Twitter,1759,477,57,28,0.23
2025-04-16,Instagram,3746,453,50,19,0.15
2025-04-17,Facebook,3053,322,88,40,0.16
2025-04-17,Twitter,1816,493,67,26,0.17
2025-04-17,Instagram,916,435,92,12,0.11
2025-04-18,Facebook,4588,258,76,25,0.06
2025-04-18,Twitter,2189,144,42,36,0.18
2025-04-18,Instagram,1528,338,45,12,0.19
2025-04-19,Facebook,4562,137,45,21,0.07
2025-04-19,Twitter,3917,209,83,20,0.15
2025-04-19,Instagram,3520,251,44,36,0.24
2025-04-20,Facebook,801,274,37,45,0.12
2025-04-20,Twitter,1717,152,70,42,0.16
2025-04-20,Instagram,2509,171,19,38,0.06
2025-04-21,Facebook,1227,354,79,7,0.23
2025-04-21,Twitter,2856,311,77,43,0.17
2025-04-21,Instagram,1352,419,80,12,0.24
2025-04-22,Facebook,4189,133,66,11,0.18
2025-04-22,Twitter,1007,437,10,26,0.14
2025-04-22,Instagram,1314,176,45,46,0.14
2025-04-23,Facebook,2934,61,17,29,0.22
2025-04-23,Twitter,2969,196,59,40,0.2
2025-04-23,Instagram,4604,168,57,36,0.15
2025-04-24,Facebook,4465,451,87,26,0.12
2025-04-24,Twitter,1111,410,63,7,0.07
2025-04-24,Instagram,1554,84,65,33,0.13
2025-04-25,Facebook,1152,440,80,34,0.24
2025-04-25,Twitter,2777,494,28,24,0.18
2025-04-25,Instagram,3579,413,24,28,0.16
2025-04-26,Facebook,2073,166,70,19,0.23
2025-04-26,Twitter,2597,344,46,16,0.13
2025-04-26,Instagram,1329,89,25,19,0.1
2025-04-27,Facebook,4391,149,98,27,0.18
2025-04-27,Twitter,1325,383,6,41,0.22
2025-04-27,Instagram,3852,90,66,18,0.15
2025-04-28,Facebook,3955,179,74,21,0.13
2025-04-28,Twitter,2840,77,70,39,0.18
2025-04-28,Instagram,2846,498,44,16,0.08
2025-04-29,Facebook,4174,336,15,14,0.06
2025-04-29,Twitter,1069,129,78,33,0.12
2025-04-29,Instagram,4232,306,9,24,0.17
2025-04-30,Facebook,3160,113,88,32,0.06
2025-04-30,Twitter,3534,253,41,48,0.14
2025-04-30,Instagram,2190,256,10,48,0.16
2025-05-01,Facebook,2739,419,82,6,0.07
2025-05-01,Twitter,2116,69,30,33,0.18
2025-05-01,Instagram,1858,247,63,9,0.07
2025-05-02,Facebook,2029,61,24,28,0.19
2025-05-02,Twitter,925,266,54,33,0.22
2025-05-02,Instagram,4049,456,48,42,0.08
2025-05-03,Facebook,2769,283,12,25,0.07
2025-05-03,Twitter,2599,206,9,26,0.1
2025-05-03,Instagram,3274,463,86,21,0.22
2025-05-04,Facebook,1102,281,80,31,0.24
2025-05-04,Twitter,3872,196,35,20,0.22
2025-05-04,Instagram,2127,118,94,32,0.08
2025-05-05,Facebook,1503,112,77,37,0.13
2025-05-05,Twitter,3432,294,81,35,0.2
2025-05-05,Instagram,2147,147,8,42,0.14
2025-05-06,Facebook,4353,131,17,45,0.11
2025-05-06,Twitter,2188,380,5,28,0.11
2025-05-06,Instagram,1254,138,89,19,0.18
2025-05-07,Facebook,4889,248,19,25,0.13
2025-05-07,Twitter,2240,354,39,48,0.05
2025-05-07,Instagram,4138,404,76,18,0.17
2025-05-08,Facebook,3789,314,7,25,0.22
2025-05-08,Twitter,3663,499,74,32,0.06
2025-05-08,Instagram,1977,202,16,9,0.13
2025-05-09,Facebook,4164,349,19,47,0.2
2025-05-09,Twitter,3345,413,47,49,0.21
2025-05-09,Instagram,1814,385,51,19,0.1
2025-05-10,Facebook,1514,100,19,8,0.24
2025-05-10,Twitter,1763,422,56,31,0.24
2025-05-10,Instagram,905,469,34,22,0.13
2025-05-11,Facebook,3436,181,94,29,0.15
2025-05-11,Twitter,2086,400,78,43,0.16
2025-05-11,Instagram,4454,496,60,46,0.09
2025-05-12,Facebook,835,133,72,11,0.21
2025-05-12,Twitter,2508,411,51,17,0.17
2025-05-12,Instagram,2100,263,96,13,0.21
2025-05-13,Facebook,809,427,46,12,0.2
2025-05-13,Twitter,1872,203,95,41,0.11
2025-05-13,Instagram,4483,109,43,14,0.21
2025-05-14,Facebook,3840,488,73,39,0.22
2025-05-14,Twitter,1430,198,85,26,0.05
2025-05-14,Instagram,3266,209,15,14,0.1
2025-05-15,Facebook,1900,490,29,6,0.1
2025-05-15,Twitter,4529,372,46,43,0.19
2025-05-15,Instagram,4151,237,50,23,0.17
2025-05-16,Facebook,1925,91,36,43,0.2
2025-05-16,Twitter,4931,281,40,7,0.13
2025-05-16,Instagram,2714,119,45,43,0.06
2025-05-17,Facebook,4513,493,9,48,0.1
2025-05-17,Twitter,3623,279,76,7,0.16
2025-05-17,Instagram,3228,107,7,26,0.18
2025-05-18,Facebook,3574,221,6,42,0.16
2025-05-18,Twitter,3201,335,12,26,0.16
2025-05-18,Instagram,4419,382,97,35,0.2
2025-05-19,Facebook,1007,155,66,34,0.14
2025-05-19,Twitter,3759,61,21,20,0.18
2025-05-19,Instagram,3362,193,34,49,0.07
2025-05-20,Facebook,2340,409,69,34,0.15
2025-05-20,Twitter,4837,455,86,12,0.2
2025-05-20,Instagram,1812,321,80,42,0.08
2025-05-21,Facebook,3356,191,40,37,0.1
2025-05-21,Twitter,2401,410,89,6,0.24
2025-05-21,Instagram,3296,380,71,27,0.24
2025-05-22,Facebook,1061,468,26,47,0.16
2025-05-22,Twitter,1043,61,53,46,0.16
2025-05-22,Instagram,2626,207,92,46,0.22
2025-05-23,Facebook,933,116,84,11,0.11
2025-05-23,Twitter,872,448,25,39,0.08
2025-05-23,Instagram,3778,255,24,22,0.18
2025-05-24,Facebook,2785,330,58,37,0.23
2025-05-24,Twitter,1933,385,58,7,0.24
2025-05-24,Instagram,1848,190,12,25,0.06
2025-05-25,Facebook,1336,128,72,49,0.16
2025-05-25,Twitter,4479,141,17,35,0.15
2025-05-25,Instagram,3836,365,67,10,0.05
2025-05-26,Facebook,4938,303,6,27,0.08
2025-05-26,Twitter,2753,315,93,6,0.15
2025-05-26,Instagram,1489,302,35,19,0.25
2025-05-27,Facebook,2930,442,25,13,0.21
2025-05-27,Twitter,4365,420,11,20,0.19
2025-05-27,Instagram,1408,309,8,43,0.1
2025-05-28,Facebook,2948,408,56,33,0.17
2025-05-28,Twitter,4102,227,67,41,0.23
2025-05-28,Instagram,1567,56,31,32,0.15
2025-05-29,Facebook,2564,135,9,6,0.08
2025-05-29,Twitter,3093,279,83,25,0.2
2025-05-29,Instagram,1700,114,17,25,0.22
2025-05-30,Facebook,3185,222,36,40,0.12
2025-05-30,Twitter,3242,240,25,30,0.08
2025-05-30,Instagram,1345,101,86,44,0.21
2025-05-31,Facebook,4604,485,33,42,0.13
2025-05-31,Twitter,3244,162,68,21,0.18
2025-05-31,Instagram,1224,178,6,33,0.11
2025-06-01,Facebook,1041,363,64,44,0.14
2025-06-01,Twitter,1514,296,38,12,0.23
2025-06-01,Instagram,3047,482,83,21,0.06
2025-06-02,Facebook,1655,222,87,9,0.2
2025-06-02,Twitter,2948,57,81,12,0.07
2025-06-02,Instagram,4256,158,55,28,0.07
2025-06-03,Facebook,3888,182,24,25,0.13
2025-06-03,Twitter,2750,415,15,19,0.24
2025-06-03,Instagram,3346,77,55,47,0.13
2025-06-04,Facebook,1572,399,12,14,0.05
2025-06-04,Twitter,4091,386,99,12,0.2
2025-06-04,Instagram,3176,499,83,7,0.07
2025-06-05,Facebook,2413,154,45,29,0.16
2025-06-05,Twitter,1169,315,25,40,0.11
2025-06-05,Instagram,1569,423,17,36,0.2
2025-06-06,Facebook,2111,337,15,14,0.12
2025-06-06,Twitter,1735,451,59,13,0.12
2025-06-06,Instagram,4497,327,34,24,0.07
2025-06-07,Facebook,4159,484,50,25,0.11
2025-06-07,Twitter,2367,271,43,16,0.23
2025-06-07,Instagram,2996,446,25,12,0.2
2025-06-08,Facebook,1446,200,79,26,0.2
2025-06-08,Twitter,2168,71,96,33,0.2
2025-06-08,Instagram,1082,99,99,19,0.15
2025-06-09,Facebook,4983,93,81,26,0.16
2025-06-09,Twitter,2524,402,60,7,0.11
2025-06-09,Instagram,2866,72,33,34,0.22
2025-06-10,Facebook,2104,177,12,46,0.16
2025-06-10,Twitter,2084,52,69,8,0.07
2025-06-10,Instagram,2655,411,93,14,0.2
2025-06-11,Facebook,1722,115,45,17,0.16
2025-06-11,Twitter,3779,135,94,16,0.2
2025-06-11,Instagram,1837,170,38,24,0.12
2025-06-12,Facebook,2578,272,74,23,0.25
2025-06-12,Twitter,2979,160,8,24,0.21
2025-06-12,Instagram,1813,276,30,41,0.18
2025-06-13,Facebook,2823,408,25,14,0.17
2025-06-13,Twitter,1880,478,24,21,0.17
2025-06-13,Instagram,3363,270,18,7,0.06
2025-06-14,Facebook,3747,425,28,38,0.17
2025-06-14,Twitter,4059,109,23,23,0.06
2025-06-14,Instagram,1932,125,34,42,0.09
2025-06-15,Facebook,1667,241,23,49,0.08
2025-06-15,Twitter,2006,195,67,32,0.2
2025-06-15,Instagram,1819,167,49,37,0.13
2025-06-16,Facebook,2083,197,51,31,0.19
2025-06-16,Twitter,2925,173,79,43,0.16
2025-06-16,Instagram,4271,374,65,14,0.12
2025-06-17,Facebook,4496,399,74,21,0.24
2025-06-17,Twitter,3410,294,23,46,0.22
2025-06-17,Instagram,2803,98,25,14,0.24
2025-06-18,Facebook,3203,119,94,8,0.06
2025-06-18,Twitter,3778,178,28,40,0.2
2025-06-18,Instagram,1485,365,64,35,0.23
2025-06-19,Facebook,2231,413,34,26,0.1
2025-06-19,Twitter,962,488,96,18,0.1
2025-06-19,Instagram,4271,231,99,46,0.22
2025-06-20,Facebook,1381,93,77,49,0.22
2025-06-20,Twitter,3443,387,61,25,0.16
2025-06-20,Instagram,4800,56,74,19,0.05
2025-06-21,Facebook,1971,192,52,11,0.13
2025-06-21,Twitter,4537,425,18,41,0.25
2025-06-21,Instagram,4452,180,91,30,0.09
2025-06-22,Facebook,3152,452,93,25,0.17
2025-06-22,Twitter,1224,210,54,8,0.13
2025-06-22,Instagram,1397,338,85,28,0.07
2025-06-23,Facebook,2890,218,43,26,0.16
2025-06-23,Twitter,2433,247,69,14,0.08
2025-06-23,Instagram,2337,71,61,6,0.07
2025-06-24,Facebook,4015,417,55,43,0.16
2025-06-24,Twitter,1143,473,42,14,0.25
2025-06-24,Instagram,3090,368,53,36,0.1
2025-06-25,Facebook,1977,432,72,26,0.05
2025-06-25,Twitter,3591,262,83,26,0.08
2025-06-25,Instagram,1581,460,44,32,0.2
2025-06-26,Facebook,2913,458,7,12,0.11
2025-06-26,Twitter,2377,276,10,43,0.18
2025-06-26,Instagram,3226,227,47,23,0.14
2025-06-27,Facebook,3351,317,78,12,0.11
2025-06-27,Twitter,1275,346,40,41,0.18
2025-06-27,Instagram,3085,153,86,46,0.14
2025-06-28,Facebook,4325,317,6,11,0.17
2025-06-28,Twitter,3724,308,31,47,0.25
2025-06-28,Instagram,3776,269,5,12,0.23
2025-06-29,Facebook,1487,156,8,34,0.17
2025-06-29,Twitter,2581,324,36,13,0.21
2025-06-29,Instagram,4758,65,5,49,0.25
2025-06-30,Facebook,4404,207,17,38,0.08
2025-06-30,Twitter,1925,272,63,31,0.19
2025-06-30,Instagram,3200,245,29,24,0.23
2025-07-01,Facebook,3869,182,65,32,0.22
2025-07-01,Twitter,2195,483,10,23,0.2
2025-07-01,Instagram,3790,413,77,25,0.1
2025-07-02,Facebook,1954,125,96,34,0.08
2025-07-02,Twitter,4148,205,94,37,0.1
2025-07-02,Instagram,2515,83,45,22,0.2
2025-07-03,Facebook,3126,225,26,21,0.22
2025-07-03,Twitter,2474,399,19,31,0.18
2025-07-03,Instagram,1523,430,20,38,0.12
2025-07-04,Facebook,1735,297,32,43,0.08
2025-07-04,Twitter,4630,392,67,7,0.19
2025-07-04,Instagram,2136,166,57,18,0.23
2025-07-05,Facebook,1192,404,81,19,0.1
2025-07-05,Twitter,4608,183,95,27,0.08
2025-07-05,Instagram,2177,425,50,42,0.1
2025-07-06,Facebook,1639,239,39,23,0.25
2025-07-06,Twitter,4717,133,29,44,0.2
2025-07-06,Instagram,2550,199,52,23,0.24
2025-07-07,Facebook,3746,475,23,13,0.22
2025-07-07,Twitter,3020,376,82,13,0.11
2025-07-07,Instagram,2331,324,51,18,0.09
2025-07-08,Facebook,2260,366,40,44,0.1
2025-07-08,Twitter,1064,369,37,29,0.21
2025-07-08,Instagram,2562,492,82,34,0.17
2025-07-09,Facebook,867,313,6,45,0.12
2025-07-09,Twitter,4808,169,59,20,0.1
2025-07-09,Instagram,3279,207,16,39,0.1
2025-07-10,Facebook,2385,304,25,9,0.1
2025-07-10,Twitter,4740,221,37,13,0.23
2025-07-10,Instagram,1858,265,69,12,0.15
2025-07-11,Facebook,2247,381,58,16,0.14
2025-07-11,Twitter,1326,410,23,30,0.08
2025-07-11,Instagram,1205,281,25,42,0.17
2025-07-12,Facebook,4540,228,8,11,0.08
2025-07-12,Twitter,1571,455,80,49,0.24
2025-07-12,Instagram,993,211,95,45,0.15
2025-07-13,Facebook,1910,471,10,26,0.1
2025-07-13,Twitter,2736,110,16,10,0.06
2025-07-13,Instagram,4251,411,69,33,0.14
2025-07-14,Facebook,941,340,52,49,0.14
2025-07-14,Twitter,2896,351,66,12,0.06
2025-07-14,Instagram,1140,294,53,46,0.11
2025-07-15,Facebook,3229,282,13,28,0.07
2025-07-15,Twitter,1655,326,55,43,0.16
2025-07-15,Instagram,2317,196,15,17,0.24
2025-07-16,Facebook,4428,50,44,48,0.2
2025-07-16,Twitter,3804,158,16,37,0.21
2025-07-16,Instagram,1787,299,73,12,0.22
2025-07-17,Facebook,973,392,34,49,0.22
2025-07-17,Twitter,4560,224,88,22,0.1
2025-07-17,Instagram,1789,210,40,22,0.07
2025-07-18,Facebook,2574,461,44,24,0.23
2025-07-18,Twitter,1131,427,19,45,0.24
2025-07-18,Instagram,4668,154,78,6,0.23
2025-07-19,Facebook,2796,315,18,22,0.08
2025-07-19,Twitter,1570,133,74,31,0.2
2025-07-19,Instagram,2428,215,7,20,0.25
2025-07-20,Facebook,4808,317,39,47,0.15
2025-07-20,Twitter,2798,406,89,35,0.14
2025-07-20,Instagram,2231,343,32,25,0.19
2025-07-21,Facebook,3458,478,77,42,0.21
2025-07-21,Twitter,4059,413,36,7,0.14
2025-07-21,Instagram,4043,384,45,27,0.11
2025-07-22,Facebook,2841,362,37,28,0.12
2025-07-22,Twitter,3780,56,72,41,0.23
2025-07-22,Instagram,4064,96,24,23,0.06
2025-07-23,Facebook,1713,468,47,35,0.21
2025-07-23,Twitter,3728,343,68,9,0.16
2025-07-23,Instagram,4559,165,60,16,0.16
2025-07-24,Facebook,1854,437,54,9,0.1
2025-07-24,Twitter,4215,492,71,15,0.08
2025-07-24,Instagram,1978,479,68,31,0.08
2025-07-25,Facebook,2641,311,63,19,0.15
2025-07-25,Twitter,4809,171,41,46,0.12
2025-07-25,Instagram,3958,183,72,22,0.22
2025-07-26,Facebook,3216,334,81,21,0.13
2025-07-26,Twitter,2101,117,73,41,0.15
2025-07-26,Instagram,2732,211,90,27,0.14
2025-07-27,Facebook,2177,465,55,25,0.12
2025-07-27,Twitter,2356,349,15,43,0.16
2025-07-27,Instagram,4256,141,67,28,0.25
2025-07-28,Facebook,1934,403,15,40,0.13
2025-07-28,Twitter,3970,301,86,44,0.12
2025-07-28,Instagram,4535,299,23,41,0.2
2025-07-29,Facebook,3367,333,9,21,0.19
2025-07-29,Twitter,2709,196,68,31,0.23
2025-07-29,Instagram,1066,359,49,16,0.06
2025-07-30,Facebook,4629,444,96,9,0.21
2025-07-30,Twitter,2760,95,16,10,0.08
2025-07-30,Instagram,2994,203,52,48,0.15
2025-07-31,Facebook,2410,466,66,28,0.14
2025-07-31,Twitter,2746,252,68,21,0.22
2025-07-31,Instagram,4602,131,96,8,0.21
2025-08-01,Facebook,3919,378,76,49,0.14
2025-08-01,Twitter,4735,377,23,42,0.1
2025-08-01,Instagram,1742,238,35,20,0.2
2025-08-02,Facebook,4917,398,90,47,0.22
2025-08-02,Twitter,3753,347,68,25,0.12
2025-08-02,Instagram,4552,201,39,34,0.24
2025-08-03,Facebook,4034,68,12,30,0.22
2025-08-03,Twitter,4198,79,11,7,0.2
2025-08-03,Instagram,824,86,5,19,0.08
2025-08-04,Facebook,2567,185,9,13,0.2
2025-08-04,Twitter,4547,84,70,44,0.13
2025-08-04,Instagram,1213,407,79,39,0.16
2025-08-05,Facebook,1709,237,81,49,0.19
2025-08-05,Twitter,2892,110,87,42,0.11
2025-08-05,Instagram,3222,211,20,42,0.06
2025-08-06,Facebook,2297,62,60,35,0.1
2025-08-06,Twitter,3142,441,91,18,0.08
2025-08-06,Instagram,1850,167,97,43,0.15
2025-08-07,Facebook,3168,450,34,17,0.17
2025-08-07,Twitter,4658,362,29,26,0.09
2025-08-07,Instagram,982,72,36,14,0.17
2025-08-08,Facebook,2389,101,24,36,0.16
2025-08-08,Twitter,1811,102,28,19,0.16
2025-08-08,Instagram,3107,254,63,27,0.19
2025-08-09,Facebook,1835,168,35,18,0.23
2025-08-09,Twitter,2064,398,30,22,0.11
2025-08-09,Instagram,3141,258,91,28,0.22
2025-08-10,Facebook,3237,374,48,33,0.24
2025-08-10,Twitter,3424,156,23,13,0.22
2025-08-10,Instagram,1618,190,87,10,0.13
2025-08-11,Facebook,4292,450,62,27,0.15
2025-08-11,Twitter,4699,266,59,14,0.08
2025-08-11,Instagram,4596,454,17,41,0.24
2025-08-12,Facebook,1322,322,72,29,0.11
2025-08-12,Twitter,2116,347,21,41,0.15
2025-08-12,Instagram,3387,90,51,22,0.18
2025-08-13,Facebook,1026,285,75,45,0.09
2025-08-13,Twitter,3588,446,35,6,0.09
2025-08-13,Instagram,4037,359,60,26,0.09
2025-08-14,Facebook,3468,392,49,49,0.11
2025-08-14,Twitter,2551,313,11,40,0.2
2025-08-14,Instagram,1739,198,32,44,0.14
2025-08-15,Facebook,1155,70,17,14,0.16
2025-08-15,Twitter,2900,123,50,17,0.13
2025-08-15,Instagram,2615,307,90,21,0.07
2025-08-16,Facebook,1474,458,7,42,0.16
2025-08-16,Twitter,4053,421,28,33,0.14
2025-08-16,Instagram,1539,427,64,30,0.19
2025-08-17,Facebook,4723,168,32,20,0.2
2025-08-17,Twitter,2951,141,62,16,0.08
2025-08-17,Instagram,4564,219,63,34,0.12
2025-08-18,Facebook,4262,273,29,37,0.2
2025-08-18,Twitter,3366,293,61,16,0.05
2025-08-18,Instagram,1772,184,55,13,0.16
2025-08-19,Facebook,3830,266,76,49,0.13
2025-08-19,Twitter,1443,153,71,33,0.1
2025-08-19,Instagram,3457,275,32,17,0.2
2025-08-20,Facebook,2041,53,94,44,0.24
2025-08-20,Twitter,4516,361,88,15,0.24
2025-08-20,Instagram,1077,282,21,30,0.09
2025-08-21,Facebook,3209,490,30,29,0.21
2025-08-21,Twitter,1260,230,76,44,0.23
2025-08-21,Instagram,4283,370,53,42,0.11
2025-08-22,Facebook,2523,106,51,35,0.19
2025-08-22,Twitter,4113,331,9,24,0.18
2025-08-22,Instagram,3095,103,37,42,0.16
2025-08-23,Facebook,3583,110,25,9,0.17
2025-08-23,Twitter,4445,135,66,22,0.16
2025-08-23,Instagram,3149,446,99,34,0.16
2025-08-24,Facebook,1916,57,48,49,0.06
2025-08-24,Twitter,4032,258,79,17,0.16
2025-08-24,Instagram,4363,119,45,20,0.18
2025-08-25,Facebook,2075,97,60,30,0.15
2025-08-25,Twitter,1156,138,22,23,0.09
2025-08-25,Instagram,1669,423,86,30,0.05
2025-08-26,Facebook,1419,420,33,38,0.19
2025-08-26,Twitter,1044,385,70,38,0.2
2025-08-26,Instagram,4012,411,12,34,0.19
2025-08-27,Facebook,4467,137,90,33,0.15
2025-08-27,Twitter,3268,123,40,41,0.13
2025-08-27,Instagram,4809,304,47,25,0.09
2025-08-28,Facebook,3169,104,76,31,0.1
2025-08-28,Twitter,3736,398,71,48,0.18
2025-08-28,Instagram,4905,277,13,31,0.24
2025-08-29,Facebook,2976,209,93,33,0.15
2025-08-29,Twitter,4706,453,98,39,0.06
2025-08-29,Instagram,4230,140,94,18,0.17
2025-08-30,Facebook,915,398,88,31,0.13
2025-08-30,Twitter,3808,163,5,30,0.23
2025-08-30,Instagram,4499,392,14,15,0.2
2025-08-31,Facebook,2713,242,21,26,0.22
2025-08-31,Twitter,2572,474,97,8,0.17
2025-08-31,Instagram,3671,484,25,39,0.12
2025-09-01,Facebook,4754,452,64,11,0.23
2025-09-01,Twitter,2979,328,88,19,0.16
2025-09-01,Instagram,3980,270,12,45,0.11
2025-09-02,Facebook,1414,95,32,31,0.06
2025-09-02,Twitter,1070,470,5,7,0.07
2025-09-02,Instagram,4154,89,67,40,0.19
2025-09-03,Facebook,4407,73,8,7,0.15
2025-09-03,Twitter,3280,230,27,49,0.06
2025-09-03,Instagram,1053,230,66,45,0.05
2025-09-04,Facebook,4632,237,58,10,0.06
2025-09-04,Twitter,2473,217,11,43,0.11
2025-09-04,Instagram,4188,261,7,26,0.2
2025-09-05,Facebook,4859,381,42,40,0.2
2025-09-05,Twitter,2788,446,91,34,0.12
2025-09-05,Instagram,1935,460,55,18,0.08
2025-09-06,Facebook,4250,96,43,20,0.2
2025-09-06,Twitter,1109,198,76,20,0.07
2025-09-06,Instagram,2622,475,78,36,0.08
2025-09-07,Facebook,1320,188,14,26,0.1
2025-09-07,Twitter,4707,97,56,29,0.08
2025-09-07,Instagram,3716,151,69,29,0.08
2025-09-08,Facebook,1904,432,92,6,0.19
2025-09-08,Twitter,4294,428,74,5,0.07
2025-09-08,Instagram,966,175,61,21,0.06
2025-09-09,Facebook,1480,122,17,10,0.12
2025-09-09,Twitter,2131,294,7,21,0.19
2025-09-09,Instagram,1899,417,51,49,0.24
2025-09-10,Facebook,4960,386,71,30,0.08
2025-09-10,Twitter,2367,401,72,22,0.05
2025-09-10,Instagram,842,421,39,44,0.21
2025-09-11,Facebook,2624,319,38,8,0.16
2025-09-11,Twitter,3772,388,10,37,0.24
2025-09-11,Instagram,3186,242,73,31,0.15
2025-09-12,Facebook,1799,62,68,39,0.24
2025-09-12,Twitter,4463,428,47,14,0.21
2025-09-12,Instagram,1251,477,27,6,0.22
2025-09-13,Facebook,1682,362,76,11,0.11
2025-09-13,Twitter,1174,163,20,23,0.18
2025-09-13,Instagram,912,61,57,15,0.09
2025-09-14,Facebook,939,450,10,37,0.14
2025-09-14,Twitter,1687,108,37,45,0.19
2025-09-14,Instagram,2273,96,43,8,0.25
2025-09-15,Facebook,4565,440,83,27,0.09
2025-09-15,Twitter,4274,177,58,33,0.07
2025-09-15,Instagram,3561,410,61,12,0.06
2025-09-16,Facebook,1001,66,70,10,0.16
2025-09-16,Twitter,2141,218,73,22,0.19
2025-09-16,Instagram,4602,226,80,11,0.1
2025-09-17,Facebook,1007,51,28,14,0.19
2025-09-17,Twitter,953,476,59,43,0.08
2025-09-17,Instagram,2318,279,24,31,0.14
2025-09-18,Facebook,2995,157,23,24,0.07
2025-09-18,Twitter,3649,455,71,10,0.1
2025-09-18,Instagram,4649,122,52,10,0.11
2025-09-19,Facebook,4995,108,6,33,0.08
2025-09-19,Twitter,3442,203,93,14,0.17
2025-09-19,Instagram,3794,97,25,26,0.18
2025-09-20,Facebook,3261,74,32,5,0.05
2025-09-20,Twitter,1891,56,53,13,0.14
2025-09-20,Instagram,2720,187,40,13,0.22
2025-09-21,Facebook,975,215,21,14,0.05
2025-09-21,Twitter,2901,227,39,25,0.23
2025-09-21,Instagram,4142,181,97,13,0.14
2025-09-22,Facebook,3762,297,96,21,0.16
2025-09-22,Twitter,1864,219,54,24,0.09
2025-09-22,Instagram,2886,418,27,36,0.23
2025-09-23,Facebook,3584,415,73,47,0.1
2025-09-23,Twitter,3050,110,54,7,0.09
2025-09-23,Instagram,1984,380,20,22,0.12
2025-09-24,Facebook,2326,187,86,42,0.13
2025-09-24,Twitter,3166,126,50,7,0.17
2025-09-24,Instagram,1814,425,95,12,0.06
2025-09-25,Facebook,1289,258,77,10,0.21
2025-09-25,Twitter,1094,418,64,32,0.23
2025-09-25,Instagram,3396,186,86,25,0.13
2025-09-26,Facebook,4441,412,64,42,0.14
2025-09-26,Twitter,3267,163,41,19,0.06
2025-09-26,Instagram,862,199,15,17,0.11
2025-09-27,Facebook,934,110,58,28,0.24
2025-09-27,Twitter,4078,178,59,7,0.13
2025-09-27,Instagram,920,434,42,25,0.08
2025-09-28,Facebook,1444,251,96,25,0.2
2025-09-28,Twitter,3468,352,88,23,0.07
2025-09-28,Instagram,4964,178,72,16,0.1
2025-09-29,Facebook,3159,283,27,29,0.12
2025-09-29,Twitter,4190,427,56,28,0.21
2025-09-29,Instagram,3391,104,9,40,0.18
2025-09-30,Facebook,2000,411,62,43,0.1
2025-09-30,Twitter,2036,366,13,10,0.16
2025-09-30,Instagram,3394,88,26,45,0.22
2025-10-01,Facebook,886,125,91,20,0.2
2025-10-01,Twitter,3742,263,77,33,0.14
2025-10-01,Instagram,4470,190,36,27,0.14
2025-10-02,Facebook,4118,153,89,6,0.16
2025-10-02,Twitter,3889,143,26,37,0.12
2025-10-02,Instagram,1298,171,14,40,0.07
2025-10-03,Facebook,4411,60,82,43,0.06
2025-10-03,Twitter,946,167,19,32,0.16
2025-10-03,Instagram,3210,186,51,37,0.14
2025-10-04,Facebook,818,244,78,44,0.19
2025-10-04,Twitter,1248,462,54,38,0.13
2025-10-04,Instagram,2720,467,97,17,0.19
2025-10-05,Facebook,4188,462,43,28,0.19
2025-10-05,Twitter,4966,318,73,30,0.23
2025-10-05,Instagram,1616,152,57,5,0.05
2025-10-06,Facebook,1050,302,7,19,0.23
2025-10-06,Twitter,3263,331,20,29,0.2
2025-10-06,Instagram,1896,169,60,5,0.14
2025-10-07,Facebook,2421,385,45,48,0.12
2025-10-07,Twitter,4616,248,82,33,0.09
2025-10-07,Instagram,4808,478,19,7,0.05
2025-10-08,Facebook,3789,79,61,44,0.05
2025-10-08,Twitter,1183,97,70,36,0.06
2025-10-08,Instagram,3365,253,61,44,0.24
2025-10-09,Facebook,1531,165,61,49,0.14
2025-10-09,Twitter,3404,384,24,33,0.16
2025-10-09,Instagram,4604,372,87,7,0.12
2025-10-10,Facebook,4935,108,59,8,0.14
2025-10-10,Twitter,3690,171,99,47,0.24
2025-10-10,Instagram,4106,435,66,13,0.05
2025-10-11,Facebook,2305,366,83,29,0.17
2025-10-11,Twitter,1049,363,49,43,0.19
2025-10-11,Instagram,4371,258,87,48,0.2
2025-10-12,Facebook,3963,314,96,10,0.2
2025-10-12,Twitter,3248,449,91,35,0.17
2025-10-12,Instagram,1603,294,90,46,0.11
2025-10-13,Facebook,4316,318,15,20,0.09
2025-10-13,Twitter,1754,435,98,34,0.23
2025-10-13,Instagram,3147,444,83,20,0.07
2025-10-14,Facebook,3361,227,16,30,0.14
2025-10-14,Twitter,1183,111,42,7,0.24
2025-10-14,Instagram,4093,110,5,34,0.1
2025-10-15,Facebook,4788,427,17,31,0.17
2025-10-15,Twitter,3846,486,83,19,0.21
2025-10-15,Instagram,2614,424,74,28,0.07
2025-10-16,Facebook,4740,389,80,37,0.14
2025-10-16,Twitter,1568,214,67,26,0.06
2025-10-16,Instagram,1407,212,83,9,0.18
2025-10-17,Facebook,2637,227,52,10,0.14
2025-10-17,Twitter,1165,236,33,11,0.25
2025-10-17,Instagram,3178,231,42,31,0.25
2025-10-18,Facebook,1098,494,35,31,0.21
2025-10-18,Twitter,3305,414,95,39,0.16
2025-10-18,Instagram,4271,302,17,39,0.05
2025-10-19,Facebook,4570,454,58,15,0.05
2025-10-19,Twitter,3650,135,42,35,0.2
2025-10-19,Instagram,913,482,36,19,0.15
2025-10-20,Facebook,4226,52,84,9,0.22
2025-10-20,Twitter,3384,117,65,33,0.2
2025-10-20,Instagram,3530,499,78,47,0.17
2025-10-21,Facebook,3058,392,28,15,0.24
2025-10-21,Twitter,3387,246,67,9,0.25
2025-10-21,Instagram,3627,99,8,46,0.19
2025-10-22,Facebook,1837,252,36,15,0.22
2025-10-22,Twitter,4026,104,58,22,0.07
2025-10-22,Instagram,1898,326,48,9,0.06
2025-10-23,Facebook,1370,394,58,14,0.16
2025-10-23,Twitter,2478,153,80,26,0.14
2025-10-23,Instagram,4988,479,18,24,0.19
2025-10-24,Facebook,4800,424,63,47,0.14
2025-10-24,Twitter,2119,167,24,34,0.23
2025-10-24,Instagram,4055,139,98,17,0.08
2025-10-25,Facebook,1604,482,70,40,0.07
2025-10-25,Twitter,2410,413,44,47,0.06
2025-10-25,Instagram,3187,165,59,20,0.19
2025-10-26,Facebook,3366,94,63,31,0.2
2025-10-26,Twitter,4127,122,39,24,0.09
2025-10-26,Instagram,1264,288,99,12,0.24
2025-10-27,Facebook,1684,271,24,43,0.14
2025-10-27,Twitter,4656,113,46,34,0.11
2025-10-27,Instagram,2346,147,54,11,0.09
2025-10-28,Facebook,1562,325,54,42,0.24
2025-10-28,Twitter,3955,436,41,44,0.07
2025-10-28,Instagram,2903,456,15,12,0.09
2025-10-29,Facebook,1883,187,43,32,0.12
2025-10-29,Twitter,1436,62,40,41,0.08
2025-10-29,Instagram,4387,272,86,42,0.22
2025-10-30,Facebook,4766,425,91,26,0.15
2025-10-30,Twitter,4906,351,66,9,0.15
2025-10-30,Instagram,2089,473,28,39,0.05
2025-10-31,Facebook,4016,114,99,35,0.13
2025-10-31,Twitter,2953,230,60,38,0.14
2025-10-31,Instagram,1487,67,80,44,0.18
2025-11-01,Facebook,2953,320,83,43,0.16
2025-11-01,Twitter,3903,442,44,24,0.05
2025-11-01,Instagram,1644,257,77,16,0.15
2025-11-02,Facebook,2034,493,75,39,0.21
2025-11-02,Twitter,3759,488,43,8,0.13
2025-11-02,Instagram,3677,446,85,41,0.15
2025-11-03,Facebook,2681,319,99,8,0.24
2025-11-03,Twitter,3692,209,63,42,0.08
2025-11-03,Instagram,1019,102,98,7,0.09
2025-11-04,Facebook,3585,257,26,36,0.24
2025-11-04,Twitter,3094,121,66,10,0.12
2025-11-04,Instagram,4482,443,7,16,0.16
2025-11-05,Facebook,1148,304,73,29,0.06
2025-11-05,Twitter,3134,303,89,24,0.1
2025-11-05,Instagram,4277,437,17,49,0.22
2025-11-06,Facebook,1075,254,85,40,0.14
2025-11-06,Twitter,1710,322,28,12,0.23
2025-11-06,Instagram,4557,377,12,30,0.21
2025-11-07,Facebook,2320,205,93,20,0.17
2025-11-07,Twitter,3605,259,21,34,0.25
2025-11-07,Instagram,1297,270,98,22,0.08
2025-11-08,Facebook,2447,104,85,44,0.1
2025-11-08,Twitter,942,250,56,14,0.2
2025-11-08,Instagram,3231,229,34,37,0.22
2025-11-09,Facebook,3496,231,5,48,0.05
2025-11-09,Twitter,4591,314,36,19,0.14
2025-11-09,Instagram,4108,490,12,12,0.23
2025-11-10,Facebook,2144,156,46,15,0.16
2025-11-10,Twitter,2304,465,97,25,0.16
2025-11-10,Instagram,4278,105,10,26,0.06
2025-11-11,Facebook,1292,241,58,12,0.21
2025-11-11,Twitter,2986,393,53,25,0.24
2025-11-11,Instagram,1886,153,87,43,0.1
2025-11-12,Facebook,1072,55,23,42,0.11
2025-11-12,Twitter,2373,168,41,8,0.12
2025-11-12,Instagram,4547,107,17,36,0.16
2025-11-13,Facebook,2051,296,64,23,0.11
2025-11-13,Twitter,2178,287,60,32,0.1
2025-11-13,Instagram,3663,345,67,16,0.09
2025-11-14,Facebook,4805,460,13,20,0.19
2025-11-14,Twitter,4158,424,18,49,0.14
2025-11-14,Instagram,2073,457,77,30,0.18
2025-11-15,Facebook,3881,260,71,28,0.21
2025-11-15,Twitter,2777,332,84,19,0.14
2025-11-15,Instagram,4564,93,30,38,0.22
2025-11-16,Facebook,4982,225,59,5,0.14
2025-11-16,Twitter,2401,207,7,25,0.14
2025-11-16,Instagram,1427,263,89,37,0.07
2025-11-17,Facebook,4014,299,56,19,0.14
2025-11-17,Twitter,1783,426,9,10,0.23
2025-11-17,Instagram,2126,140,22,25,0.21
2025-11-18,Facebook,3573,409,27,7,0.13
2025-11-18,Twitter,2985,394,56,12,0.22
2025-11-18,Instagram,2852,427,57,41,0.07
2025-11-19,Facebook,2060,407,97,9,0.06
2025-11-19,Twitter,3599,51,69,44,0.06
2025-11-19,Instagram,2811,157,80,43,0.08
2025-11-20,Facebook,1690,496,68,32,0.25
2025-11-20,Twitter,3304,152,99,25,0.1
2025-11-20,Instagram,2387,394,80,5,0.14
2025-11-21,Facebook,2436,160,5,5,0.08
2025-11-21,Twitter,2249,454,83,21,0.07
2025-11-21,Instagram,3458,257,12,21,0.12
2025-11-22,Facebook,3449,190,21,42,0.14
2025-11-22,Twitter,1389,478,10,39,0.09
2025-11-22,Instagram,2062,121,65,19,0.21
2025-11-23,Facebook,1068,290,35,39,0.05
2025-11-23,Twitter,1206,266,38,30,0.24
2025-11-23,Instagram,1785,69,10,10,0.18
2025-11-24,Facebook,2211,322,18,18,0.06
2025-11-24,Twitter,3734,448,23,47,0.06
2025-11-24,Instagram,3266,386,39,23,0.1
2025-11-25,Facebook,2498,465,52,48,0.21
2025-11-25,Twitter,4198,412,54,5,0.14
2025-11-25,Instagram,4012,363,18,41,0.06
2025-11-26,Facebook,4707,345,63,20,0.22
2025-11-26,Twitter,2107,401,70,35,0.07
2025-11-26,Instagram,4654,220,35,13,0.11
2025-11-27,Facebook,1761,313,75,48,0.23
2025-11-27,Twitter,1801,174,61,20,0.13
2025-11-27,Instagram,2281,279,22,9,0.21
2025-11-28,Facebook,1222,109,47,49,0.18
2025-11-28,Twitter,3197,439,60,48,0.13
2025-11-28,Instagram,3766,55,36,46,0.22
2025-11-29,Facebook,2247,427,77,41,0.23
2025-11-29,Twitter,1829,161,67,7,0.22
2025-11-29,Instagram,2275,386,45,23,0.12
2025-11-30,Facebook,1525,340,26,5,0.13
2025-11-30,Twitter,3606,316,81,46,0.06
2025-11-30,Instagram,2923,136,18,37,0.14
2025-12-01,Facebook,1640,328,78,23,0.23
2025-12-01,Twitter,3731,305,91,34,0.21
2025-12-01,Instagram,2817,286,29,14,0.23
2025-12-02,Facebook,1816,363,98,45,0.06
2025-12-02,Twitter,4226,165,52,38,0.07
2025-12-02,Instagram,2420,454,90,49,0.11
2025-12-03,Facebook,4592,497,68,6,0.24
2025-12-03,Twitter,1777,103,79,20,0.16
2025-12-03,Instagram,2353,236,94,20,0.05
2025-12-04,Facebook,1230,288,52,46,0.17
2025-12-04,Twitter,2156,437,6,30,0.11
2025-12-04,Instagram,3130,128,76,11,0.08
2025-12-05,Facebook,4813,112,16,17,0.22
2025-12-05,Twitter,816,112,85,40,0.21
2025-12-05,Instagram,889,257,40,32,0.06
2025-12-06,Facebook,4971,150,34,27,0.09
2025-12-06,Twitter,1769,120,56,41,0.2
2025-12-06,Instagram,4782,277,51,23,0.09
2025-12-07,Facebook,3892,113,41,31,0.23
2025-12-07,Twitter,1084,197,29,10,0.12
2025-12-07,Instagram,4769,455,20,22,0.06
2025-12-08,Facebook,4739,79,49,23,0.19
2025-12-08,Twitter,4298,367,97,40,0.23
2025-12-08,Instagram,4819,416,40,13,0.1
2025-12-09,Facebook,4206,490,24,13,0.16
2025-12-09,Twitter,3921,387,9,24,0.18
2025-12-09,Instagram,4548,327,62,8,0.1
2025-12-10,Facebook,2982,117,23,46,0.21
2025-12-10,Twitter,3288,390,65,35,0.11
2025-12-10,Instagram,1087,371,63,14,0.14
2025-12-11,Facebook,3163,322,20,20,0.09
2025-12-11,Twitter,1044,464,92,5,0.08
2025-12-11,Instagram,1140,53,75,30,0.15
2025-12-12,Facebook,1707,144,85,37,0.15
2025-12-12,Twitter,1120,96,96,46,0.21
2025-12-12,Instagram,1931,68,30,15,0.25
2025-12-13,Facebook,811,244,31,6,0.2
2025-12-13,Twitter,2877,133,42,32,0.2
2025-12-13,Instagram,1243,347,44,37,0.18
2025-12-14,Facebook,2184,423,46,41,0.18
2025-12-14,Twitter,2060,71,61,24,0.19
2025-12-14,Instagram,3009,209,94,29,0.24
2025-12-15,Facebook,2681,250,14,36,0.21
2025-12-15,Twitter,4955,115,69,40,0.08
2025-12-15,Instagram,2209,208,61,18,0.13
2025-12-16,Facebook,1326,61,32,24,0.16
2025-12-16,Twitter,1079,454,14,18,0.22
2025-12-16,Instagram,2551,447,38,16,0.08
2025-12-17,Facebook,4931,222,40,26,0.16
2025-12-17,Twitter,3695,494,60,29,0.11
2025-12-17,Instagram,3788,213,24,22,0.17
2025-12-18,Facebook,1462,414,20,9,0.18
2025-12-18,Twitter,3975,292,82,43,0.05
2025-12-18,Instagram,3243,449,85,49,0.22
2025-12-19,Facebook,3164,248,50,36,0.21
2025-12-19,Twitter,4272,218,58,48,0.18
2025-12-19,Instagram,2956,332,91,44,0.11
2025-12-20,Facebook,3053,384,47,37,0.05
2025-12-20,Twitter,1584,132,58,27,0.21
2025-12-20,Instagram,4780,300,88,39,0.23
2025-12-21,Facebook,1125,458,99,26,0.18
2025-12-21,Twitter,3578,138,76,5,0.11
2025-12-21,Instagram,4878,103,92,15,0.16
2025-12-22,Facebook,3375,148,24,7,0.21
2025-12-22,Twitter,2905,486,5,21,0.15
2025-12-22,Instagram,1651,375,12,33,0.19
2025-12-23,Facebook,4544,180,64,39,0.18
2025-12-23,Twitter,2444,325,77,43,0.22
2025-12-23,Instagram,4885,324,95,49,0.21
2025-12-24,Facebook,4312,135,96,49,0.22
2025-12-24,Twitter,3058,249,46,30,0.07
2025-12-24,Instagram,1849,456,47,17,0.16
2025-12-25,Facebook,3599,88,55,16,0.14
2025-12-25,Twitter,4845,316,30,46,0.21
2025-12-25,Instagram,3653,147,47,23,0.19
2025-12-26,Facebook,1741,421,46,32,0.23
2025-12-26,Twitter,2266,101,51,11,0.18
2025-12-26,Instagram,4188,373,29,16,0.19
2025-12-27,Facebook,4434,166,41,28,0.23
2025-12-27,Twitter,2092,138,58,8,0.13
2025-12-27,Instagram,1165,171,15,32,0.24
2025-12-28,Facebook,3276,328,32,47,0.24
2025-12-28,Twitter,1720,103,33,23,0.07
2025-12-28,Instagram,3629,383,39,34,0.15
2025-12-29,Facebook,3810,257,34,33,0.22
2025-12-29,Twitter,1746,407,51,42,0.14
2025-12-29,Instagram,4390,327,85,22,0.09
2025-12-30,Facebook,2264,440,54,42,0.22
2025-12-30,Twitter,1472,50,57,38,0.06
2025-12-30,Instagram,1443,476,94,8,0.16
2025-12-31,Facebook,4636,457,87,40,0.16
2025-12-31,Twitter,2669,426,22,32,0.11
2025-12-31,Instagram,3375,404,51,35,0.17
2026-01-01,Facebook,4422,353,50,30,0.14
2026-01-01,Twitter,4515,79,34,26,0.15
2026-01-01,Instagram,2955,317,98,40,0.21
2026-01-02,Facebook,1492,304,75,5,0.11
2026-01-02,Twitter,2681,136,94,49,0.13
2026-01-02,Instagram,2535,201,90,23,0.15
2026-01-03,Facebook,3454,303,34,46,0.15
2026-01-03,Twitter,2347,167,98,31,0.12
2026-01-03,Instagram,2069,454,80,33,0.11
2026-01-04,Facebook,2525,166,19,6,0.18
2026-01-04,Twitter,4756,221,58,22,0.17
2026-01-04,Instagram,2506,259,42,41,0.23
2026-01-05,Facebook,1690,259,72,38,0.21
2026-01-05,Twitter,2273,221,10,46,0.21
2026-01-05,Instagram,4056,134,59,20,0.22
2026-01-06,Facebook,2235,273,96,13,0.05
2026-01-06,Twitter,4533,465,73,27,0.21
2026-01-06,Instagram,3924,492,78,43,0.12
2026-01-07,Facebook,1724,172,7,23,0.2
2026-01-07,Twitter,828,84,10,16,0.13
2026-01-07,Instagram,1388,398,23,7,0.13
2026-01-08,Facebook,4886,171,88,8,0.05
2026-01-08,Twitter,1356,185,91,20,0.16
2026-01-08,Instagram,4367,58,64,18,0.24
2026-01-09,Facebook,1816,376,19,11,0.06
2026-01-09,Twitter,4296,327,28,41,0.14
2026-01-09,Instagram,3113,257,76,29,0.24
2026-01-10,Facebook,4336,237,30,18,0.1
2026-01-10,Twitter,3736,328,47,10,0.19
2026-01-10,Instagram,2250,74,22,17,0.07
2026-01-11,Facebook,2619,195,63,32,0.18
2026-01-11,Twitter,3579,117,50,38,0.06
2026-01-11,Instagram,3769,441,10,20,0.24
2026-01-12,Facebook,3453,478,17,9,0.07
2026-01-12,Twitter,1941,387,86,6,0.17
2026-01-12,Instagram,3660,419,51,16,0.06
2026-01-13,Facebook,3982,298,59,15,0.22
2026-01-13,Twitter,1798,358,30,18,0.22
2026-01-13,Instagram,2251,265,69,47,0.25
2026-01-14,Facebook,4534,489,23,22,0.21
2026-01-14,Twitter,4603,397,64,37,0.22
2026-01-14,Instagram,3738,229,53,41,0.19
2026-01-15,Facebook,926,217,84,42,0.13
2026-01-15,Twitter,2166,359,26,20,0.18
2026-01-15,Instagram,1484,95,76,48,0.2
2026-01-16,Facebook,3061,134,30,44,0.08
2026-01-16,Twitter,4360,114,10,27,0.11
2026-01-16,Instagram,4214,476,27,36,0.12
2026-01-17,Facebook,1290,195,91,19,0.08
2026-01-17,Twitter,2682,350,48,22,0.06
2026-01-17,Instagram,1481,184,54,24,0.19
2026-01-18,Facebook,2170,186,61,35,0.09
2026-01-18,Twitter,2959,350,81,27,0.11
2026-01-18,Instagram,4629,166,96,21,0.19
2026-01-19,Facebook,2785,74,62,45,0.15
2026-01-19,Twitter,3096,87,10,49,0.11
2026-01-19,Instagram,3681,217,7,39,0.06
2026-01-20,Facebook,2064,421,92,49,0.1
2026-01-20,Twitter,2848,202,49,47,0.17
2026-01-20,Instagram,2561,270,23,27,0.14
2026-01-21,Facebook,3688,178,46,23,0.08
2026-01-21,Twitter,2671,285,59,22,0.11
2026-01-21,Instagram,844,183,25,10,0.17
2026-01-22,Facebook,2314,88,35,46,0.2
2026-01-22,Twitter,2840,293,22,28,0.13
2026-01-22,Instagram,1278,64,8,44,0.18
2026-01-23,Facebook,2211,258,20,19,0.08
2026-01-23,Twitter,4132,325,83,22,0.23
2026-01-23,Instagram,4476,62,8,46,0.2
2026-01-24,Facebook,4060,144,12,7,0.06
2026-01-24,Twitter,1940,316,46,17,0.09
2026-01-24,Instagram,4139,86,78,13,0.2
2026-01-25,Facebook,4001,295,60,27,0.17
2026-01-25,Twitter,2655,390,27,33,0.11
2026-01-25,Instagram,978,246,99,29,0.08
2026-01-26,Facebook,1587,285,59,21,0.09
2026-01-26,Twitter,3884,171,96,46,0.2
2026-01-26,Instagram,4578,235,86,15,0.18
2026-01-27,Facebook,2015,374,87,26,0.13
2026-01-27,Twitter,2290,431,66,20,0.21
2026-01-27,Instagram,4232,373,19,29,0.11
2026-01-28,Facebook,3717,149,11,34,0.12
2026-01-28,Twitter,1967,160,55,12,0.07
2026-01-28,Instagram,2377,322,67,49,0.22
2026-01-29,Facebook,3393,85,29,10,0.19
2026-01-29,Twitter,2981,334,29,21,0.18
2026-01-29,Instagram,3178,75,32,7,0.09
2026-01-30,Facebook,1487,70,58,43,0.2
2026-01-30,Twitter,2611,161,90,11,0.08
2026-01-30,Instagram,4768,206,67,12,0.19
2026-01-31,Facebook,3906,428,7,49,0.06
2026-01-31,Twitter,3130,50,95,20,0.22
2026-01-31,Instagram,3958,90,79,46,0.16
2026-02-01,Facebook,1489,112,41,45,0.11
2026-02-01,Twitter,3056,276,52,9,0.25
2026-02-01,Instagram,1171,224,66,39,0.22
2026-02-02,Facebook,1246,417,65,35,0.08
2026-02-02,Twitter,3739,73,27,22,0.13
2026-02-02,Instagram,4369,384,83,10,0.12
2026-02-03,Facebook,3094,313,83,7,0.18
2026-02-03,Twitter,1783,401,65,36,0.25
2026-02-03,Instagram,2707,290,17,5,0.06
2026-02-04,Facebook,4974,285,82,33,0.15
2026-02-04,Twitter,3349,464,68,29,0.08
2026-02-04,Instagram,4439,143,97,24,0.13
